phase,endpoint,first,second,metric,direction,pairs,task_groups,difference,ci95_low,ci95_high,resamples,analysis_seed
interaction_assessment,outcome_label,browser_use_base,browser_use_trained,mcc,second_minus_first,62,62,0.17316743975225835,0.0,0.2739676533065082,10000,20250831
interaction_assessment,outcome_label,browser_use_base,browser_use_trained,balanced_accuracy,second_minus_first,62,62,0.038461538461538436,0.0,0.08536585365853655,10000,20250831
interaction_assessment,outcome_label,browser_use_base,browser_use_trained,macro_f1,second_minus_first,62,62,0.08132814101250257,0.0,0.16827188171705726,10000,20250831
interaction_assessment,outcome_label,browser_use_base,browser_use_trained,accuracy,second_minus_first,62,62,0.04838709677419356,0.0,0.11290322580645162,10000,20250831
interaction_assessment,failure_type_4,browser_use_base,browser_use_trained,mcc,second_minus_first,62,62,0.17505932598746982,0.0,0.27834391859301694,10000,20250831
interaction_assessment,failure_type_4,browser_use_base,browser_use_trained,balanced_accuracy,second_minus_first,62,62,0.02857142857142858,0.0,0.06306306306306309,10000,20250831
interaction_assessment,failure_type_4,browser_use_base,browser_use_trained,macro_f1,second_minus_first,62,62,0.04442346900249192,0.0,0.0899125775722642,10000,20250831
interaction_assessment,failure_type_4,browser_use_base,browser_use_trained,accuracy,second_minus_first,62,62,0.04838709677419356,0.0,0.11290322580645162,10000,20250831
interaction_assessment,outcome_label,agent_s2_base,agent_s2_trained,mcc,second_minus_first,82,81,0.0,0.0,0.0,10000,20250831
interaction_assessment,outcome_label,agent_s2_base,agent_s2_trained,balanced_accuracy,second_minus_first,82,81,0.0,0.0,0.0,10000,20250831
interaction_assessment,outcome_label,agent_s2_base,agent_s2_trained,macro_f1,second_minus_first,82,81,0.0,0.0,0.0,10000,20250831
interaction_assessment,outcome_label,agent_s2_base,agent_s2_trained,accuracy,second_minus_first,82,81,0.0,0.0,0.0,10000,20250831
interaction_assessment,failure_type_4,agent_s2_base,agent_s2_trained,mcc,second_minus_first,82,81,-0.03649861916169541,-0.07016216752054528,0.0,10000,20250831
interaction_assessment,failure_type_4,agent_s2_base,agent_s2_trained,balanced_accuracy,second_minus_first,82,81,0.0,0.0,0.0,10000,20250831
interaction_assessment,failure_type_4,agent_s2_base,agent_s2_trained,macro_f1,second_minus_first,82,81,-0.0011467889908256812,-0.0037932669511616945,0.0,10000,20250831
interaction_assessment,failure_type_4,agent_s2_base,agent_s2_trained,accuracy,second_minus_first,82,81,0.0,0.0,0.0,10000,20250831
interaction_assessment,outcome_label,webvoyager_base,webvoyager_trained,mcc,second_minus_first,0,0,,,,10000,20250831
interaction_assessment,outcome_label,webvoyager_base,webvoyager_trained,balanced_accuracy,second_minus_first,0,0,,,,10000,20250831
interaction_assessment,outcome_label,webvoyager_base,webvoyager_trained,macro_f1,second_minus_first,0,0,,,,10000,20250831
interaction_assessment,outcome_label,webvoyager_base,webvoyager_trained,accuracy,second_minus_first,0,0,,,,10000,20250831
interaction_assessment,failure_type_4,webvoyager_base,webvoyager_trained,mcc,second_minus_first,0,0,,,,10000,20250831
interaction_assessment,failure_type_4,webvoyager_base,webvoyager_trained,balanced_accuracy,second_minus_first,0,0,,,,10000,20250831
interaction_assessment,failure_type_4,webvoyager_base,webvoyager_trained,macro_f1,second_minus_first,0,0,,,,10000,20250831
interaction_assessment,failure_type_4,webvoyager_base,webvoyager_trained,accuracy,second_minus_first,0,0,,,,10000,20250831
interaction_assessment,outcome_label,browser_use_base,qwen25_heads,mcc,second_minus_first,87,86,0.6338603061051317,0.46077640565338396,0.7917971357086314,10000,20250831
interaction_assessment,outcome_label,browser_use_base,qwen25_heads,balanced_accuracy,second_minus_first,87,86,0.33425925925925926,0.2460301459293395,0.41410353535353545,10000,20250831
interaction_assessment,outcome_label,browser_use_base,qwen25_heads,macro_f1,second_minus_first,87,86,0.5738353936487818,0.4812592899423782,0.6640679660169915,10000,20250831
interaction_assessment,outcome_label,browser_use_base,qwen25_heads,accuracy,second_minus_first,87,86,0.5172413793103448,0.3908045977011494,0.6395577475829628,10000,20250831
interaction_assessment,failure_type_4,browser_use_base,qwen25_heads,mcc,second_minus_first,87,86,0.6898596534163755,0.5679162034181882,0.8062004865358534,10000,20250831
interaction_assessment,failure_type_4,browser_use_base,qwen25_heads,balanced_accuracy,second_minus_first,87,86,0.3855820105820106,0.33641117091694533,0.5452905842472324,10000,20250831
interaction_assessment,failure_type_4,browser_use_base,qwen25_heads,macro_f1,second_minus_first,87,86,0.47300504171411034,0.39695387006515537,0.5400711004907133,10000,20250831
interaction_assessment,failure_type_4,browser_use_base,qwen25_heads,accuracy,second_minus_first,87,86,0.471264367816092,0.3448275862068966,0.595505617977528,10000,20250831
interaction_assessment,outcome_label,agent_s2_base,qwen25_heads,mcc,second_minus_first,170,166,0.6584470091152769,0.5230232672362151,0.7833385300018009,10000,20250831
interaction_assessment,outcome_label,agent_s2_base,qwen25_heads,balanced_accuracy,second_minus_first,170,166,0.35107655502392343,0.2817806363452324,0.4154835113438391,10000,20250831
interaction_assessment,outcome_label,agent_s2_base,qwen25_heads,macro_f1,second_minus_first,170,166,0.6433865613553114,0.5746681030979854,0.7101254153653755,10000,20250831
interaction_assessment,outcome_label,agent_s2_base,qwen25_heads,accuracy,second_minus_first,170,166,0.6470588235294118,0.5614035087719298,0.727810650887574,10000,20250831
interaction_assessment,failure_type_4,agent_s2_base,qwen25_heads,mcc,second_minus_first,170,166,0.6412940329364692,0.5642118944334858,0.725232889475207,10000,20250831
interaction_assessment,failure_type_4,agent_s2_base,qwen25_heads,balanced_accuracy,second_minus_first,170,166,0.357280701754386,0.31491505929748825,0.39782989428822757,10000,20250831
interaction_assessment,failure_type_4,agent_s2_base,qwen25_heads,macro_f1,second_minus_first,170,166,0.47801765586192085,0.4258299368847002,0.5268384406635269,10000,20250831
interaction_assessment,failure_type_4,agent_s2_base,qwen25_heads,accuracy,second_minus_first,170,166,0.5176470588235295,0.4285714285714286,0.6035502958579881,10000,20250831
interaction_assessment,outcome_label,webvoyager_base,qwen25_heads,mcc,second_minus_first,0,0,,,,10000,20250831
interaction_assessment,outcome_label,webvoyager_base,qwen25_heads,balanced_accuracy,second_minus_first,0,0,,,,10000,20250831
interaction_assessment,outcome_label,webvoyager_base,qwen25_heads,macro_f1,second_minus_first,0,0,,,,10000,20250831
interaction_assessment,outcome_label,webvoyager_base,qwen25_heads,accuracy,second_minus_first,0,0,,,,10000,20250831
interaction_assessment,failure_type_4,webvoyager_base,qwen25_heads,mcc,second_minus_first,0,0,,,,10000,20250831
interaction_assessment,failure_type_4,webvoyager_base,qwen25_heads,balanced_accuracy,second_minus_first,0,0,,,,10000,20250831
interaction_assessment,failure_type_4,webvoyager_base,qwen25_heads,macro_f1,second_minus_first,0,0,,,,10000,20250831
interaction_assessment,failure_type_4,webvoyager_base,qwen25_heads,accuracy,second_minus_first,0,0,,,,10000,20250831
interaction_assessment,outcome_label,browser_use_trained,qwen25_heads,mcc,second_minus_first,107,106,0.4726139779796131,0.2992612804612796,0.6553990033974704,10000,20250831
interaction_assessment,outcome_label,browser_use_trained,qwen25_heads,balanced_accuracy,second_minus_first,107,106,0.2973408541498791,0.20817619505608154,0.38008128508386146,10000,20250831
interaction_assessment,outcome_label,browser_use_trained,qwen25_heads,macro_f1,second_minus_first,107,106,0.4862705702257941,0.3669375101411601,0.5976954590302151,10000,20250831
interaction_assessment,outcome_label,browser_use_trained,qwen25_heads,accuracy,second_minus_first,107,106,0.4485981308411215,0.3207547169811321,0.5700934579439252,10000,20250831
interaction_assessment,failure_type_4,browser_use_trained,qwen25_heads,mcc,second_minus_first,107,106,0.47811500421611186,0.33932517858951144,0.6316067387228612,10000,20250831
interaction_assessment,failure_type_4,browser_use_trained,qwen25_heads,balanced_accuracy,second_minus_first,107,106,0.47691334598355467,0.41212519040619905,0.5380137844611528,10000,20250831
interaction_assessment,failure_type_4,browser_use_trained,qwen25_heads,macro_f1,second_minus_first,107,106,0.3829354359424597,0.29537132277627987,0.4630481990518164,10000,20250831
interaction_assessment,failure_type_4,browser_use_trained,qwen25_heads,accuracy,second_minus_first,107,106,0.38317757009345793,0.26415094339622636,0.5,10000,20250831
interaction_assessment,outcome_label,agent_s2_trained,qwen25_heads,mcc,second_minus_first,96,95,0.7029019463944166,0.5887609651089163,0.8118441408859887,10000,20250831
interaction_assessment,outcome_label,agent_s2_trained,qwen25_heads,balanced_accuracy,second_minus_first,96,95,0.3787878787878788,0.3257485569985569,0.4285714285714286,10000,20250831
interaction_assessment,outcome_label,agent_s2_trained,qwen25_heads,macro_f1,second_minus_first,96,95,0.5876760867686457,0.5140408820533044,0.657592526051024,10000,20250831
interaction_assessment,outcome_label,agent_s2_trained,qwen25_heads,accuracy,second_minus_first,96,95,0.5208333333333334,0.42105263157894735,0.6210526315789473,10000,20250831
interaction_assessment,failure_type_4,agent_s2_trained,qwen25_heads,mcc,second_minus_first,96,95,0.7003333221784532,0.5933862559948293,0.8022915747298028,10000,20250831
interaction_assessment,failure_type_4,agent_s2_trained,qwen25_heads,balanced_accuracy,second_minus_first,96,95,0.5611111111111111,0.5204678362573099,0.5988700564971752,10000,20250831
interaction_assessment,failure_type_4,agent_s2_trained,qwen25_heads,macro_f1,second_minus_first,96,95,0.46309596892008076,0.3651875224431858,0.532651179678732,10000,20250831
interaction_assessment,failure_type_4,agent_s2_trained,qwen25_heads,accuracy,second_minus_first,96,95,0.48958333333333337,0.3894736842105263,0.5894736842105263,10000,20250831
interaction_assessment,outcome_label,webvoyager_trained,qwen25_heads,mcc,second_minus_first,89,88,0.8477318909082134,0.5370638705319043,1.0644886730536915,10000,20250831
interaction_assessment,outcome_label,webvoyager_trained,qwen25_heads,balanced_accuracy,second_minus_first,89,88,0.359192037470726,0.2511452017139623,0.4657061100131753,10000,20250831
interaction_assessment,outcome_label,webvoyager_trained,qwen25_heads,macro_f1,second_minus_first,89,88,0.5533251240242598,0.4585882734308522,0.6439362423302227,10000,20250831
interaction_assessment,outcome_label,webvoyager_trained,qwen25_heads,accuracy,second_minus_first,89,88,0.5056179775280899,0.3820224719101124,0.6222222222222222,10000,20250831
interaction_assessment,failure_type_4,webvoyager_trained,qwen25_heads,mcc,second_minus_first,89,88,0.8034034110430599,0.562186586022251,0.9779338542119208,10000,20250831
interaction_assessment,failure_type_4,webvoyager_trained,qwen25_heads,balanced_accuracy,second_minus_first,89,88,0.39201482479784366,0.3390890151515152,0.5822222222222222,10000,20250831
interaction_assessment,failure_type_4,webvoyager_trained,qwen25_heads,macro_f1,second_minus_first,89,88,0.3982155706390713,0.30480912524958553,0.47998929043529726,10000,20250831
interaction_assessment,failure_type_4,webvoyager_trained,qwen25_heads,accuracy,second_minus_first,89,88,0.4269662921348314,0.3067564229249012,0.5454545454545454,10000,20250831
recovery_assessment,outcome_label,browser_use_base,browser_use_trained,mcc,second_minus_first,20,20,0.0,0.0,0.0,10000,20250831
recovery_assessment,outcome_label,browser_use_base,browser_use_trained,balanced_accuracy,second_minus_first,20,20,0.0,0.0,0.0,10000,20250831
recovery_assessment,outcome_label,browser_use_base,browser_use_trained,macro_f1,second_minus_first,20,20,0.0,0.0,0.0,10000,20250831
recovery_assessment,outcome_label,browser_use_base,browser_use_trained,accuracy,second_minus_first,20,20,0.0,0.0,0.0,10000,20250831
recovery_assessment,outcome_label,agent_s2_base,agent_s2_trained,mcc,second_minus_first,32,32,0.0,0.0,0.0,10000,20250831
recovery_assessment,outcome_label,agent_s2_base,agent_s2_trained,balanced_accuracy,second_minus_first,32,32,0.0,0.0,0.0,10000,20250831
recovery_assessment,outcome_label,agent_s2_base,agent_s2_trained,macro_f1,second_minus_first,32,32,0.0,0.0,0.0,10000,20250831
recovery_assessment,outcome_label,agent_s2_base,agent_s2_trained,accuracy,second_minus_first,32,32,0.0,0.0,0.0,10000,20250831
recovery_assessment,outcome_label,webvoyager_base,webvoyager_trained,mcc,second_minus_first,0,0,,,,10000,20250831
recovery_assessment,outcome_label,webvoyager_base,webvoyager_trained,balanced_accuracy,second_minus_first,0,0,,,,10000,20250831
recovery_assessment,outcome_label,webvoyager_base,webvoyager_trained,macro_f1,second_minus_first,0,0,,,,10000,20250831
recovery_assessment,outcome_label,webvoyager_base,webvoyager_trained,accuracy,second_minus_first,0,0,,,,10000,20250831
recovery_assessment,outcome_label,browser_use_base,qwen25_heads,mcc,second_minus_first,30,30,1.042698507714643,0.7844645405527361,1.2033553133277972,10000,20250831
recovery_assessment,outcome_label,browser_use_base,qwen25_heads,balanced_accuracy,second_minus_first,30,30,0.46825396825396826,0.33333333333333326,0.5652173913043479,10000,20250831
recovery_assessment,outcome_label,browser_use_base,qwen25_heads,macro_f1,second_minus_first,30,30,0.5589603283173734,0.4355555555555556,0.6475324675324676,10000,20250831
recovery_assessment,outcome_label,browser_use_base,qwen25_heads,accuracy,second_minus_first,30,30,0.30000000000000004,0.1333333333333333,0.4666666666666667,10000,20250831
recovery_assessment,outcome_label,agent_s2_base,qwen25_heads,mcc,second_minus_first,91,90,0.9758694169536011,0.7918244078305291,1.1126514053616128,10000,20250831
recovery_assessment,outcome_label,agent_s2_base,qwen25_heads,balanced_accuracy,second_minus_first,91,90,0.4454106280193237,0.38735457935012413,0.5,10000,20250831
recovery_assessment,outcome_label,agent_s2_base,qwen25_heads,macro_f1,second_minus_first,91,90,0.6031118443508932,0.5244971894649069,0.6752752150207786,10000,20250831
recovery_assessment,outcome_label,agent_s2_base,qwen25_heads,accuracy,second_minus_first,91,90,0.43956043956043955,0.31182795698924726,0.5604395604395604,10000,20250831
recovery_assessment,outcome_label,webvoyager_base,qwen25_heads,mcc,second_minus_first,0,0,,,,10000,20250831
recovery_assessment,outcome_label,webvoyager_base,qwen25_heads,balanced_accuracy,second_minus_first,0,0,,,,10000,20250831
recovery_assessment,outcome_label,webvoyager_base,qwen25_heads,macro_f1,second_minus_first,0,0,,,,10000,20250831
recovery_assessment,outcome_label,webvoyager_base,qwen25_heads,accuracy,second_minus_first,0,0,,,,10000,20250831
recovery_assessment,outcome_label,browser_use_trained,qwen25_heads,mcc,second_minus_first,35,35,0.8513229932441672,0.44949578991428535,1.0884315376570763,10000,20250831
recovery_assessment,outcome_label,browser_use_trained,qwen25_heads,balanced_accuracy,second_minus_first,35,35,0.4838709677419355,0.41379310344827586,0.5344827586206897,10000,20250831
recovery_assessment,outcome_label,browser_use_trained,qwen25_heads,macro_f1,second_minus_first,35,35,0.42179487179487174,0.1501225490196078,0.5555555555555556,10000,20250831
recovery_assessment,outcome_label,browser_use_trained,qwen25_heads,accuracy,second_minus_first,35,35,0.08571428571428574,-0.05714285714285716,0.22857142857142854,10000,20250831
recovery_assessment,outcome_label,agent_s2_trained,qwen25_heads,mcc,second_minus_first,36,36,0.732968629735762,0.32461667004554856,1.0230638811346737,10000,20250831
recovery_assessment,outcome_label,agent_s2_trained,qwen25_heads,balanced_accuracy,second_minus_first,36,36,0.38333333333333336,0.1785714285714286,0.5161290322580645,10000,20250831
recovery_assessment,outcome_label,agent_s2_trained,qwen25_heads,macro_f1,second_minus_first,36,36,0.3765062523683213,0.15064935064935064,0.5345454545454545,10000,20250831
recovery_assessment,outcome_label,agent_s2_trained,qwen25_heads,accuracy,second_minus_first,36,36,0.08333333333333326,-0.08333333333333326,0.25,10000,20250831
recovery_assessment,outcome_label,webvoyager_trained,qwen25_heads,mcc,second_minus_first,19,19,0.7601169500660919,0.44908871313907184,1.0,10000,20250831
recovery_assessment,outcome_label,webvoyager_trained,qwen25_heads,balanced_accuracy,second_minus_first,19,19,0.43333333333333335,0.32352941176470584,0.5,10000,20250831
recovery_assessment,outcome_label,webvoyager_trained,qwen25_heads,macro_f1,second_minus_first,19,19,0.42310924369747904,0.1637931034482759,0.59375,10000,20250831
recovery_assessment,outcome_label,webvoyager_trained,qwen25_heads,accuracy,second_minus_first,19,19,0.10526315789473684,-0.1578947368421052,0.36842105263157887,10000,20250831
