stage,status,train_rows,val_rows,selection_metric,selection_rule,selected_epoch,best_metric,best_checkpoint,unconstrained_best_metric,unconstrained_best_checkpoint,checkpoint_roundtrip,loss_decreased,epoch,failure_f1,failure_macro_f1,outcome_bal_acc,outcome_mcc,success_recall,outcome_brier,outcome_majority_acc,outcome_majority_macro_f1,failtype_acc,failtype_macro_f1,failtype_bal_acc,failtype_mcc,failtype_majority_acc,failtype_majority_macro_f1,action_acc,action_macro_f1,action_bal_acc,action_mcc,action_majority_acc,action_majority_macro_f1,recovery_acc,recovery_macro_f1,recovery_bal_acc,recovery_mcc,recovery_majority_acc,recovery_majority_macro_f1,recovery_pred_classes,needs_recovery_acc,needs_recovery_macro_f1,needs_recovery_bal_acc,needs_recovery_mcc,needs_recovery_pred_classes,needs_recovery_majority_acc,needs_recovery_majority_macro_f1,strategy_attempted_acc,strategy_attempted_macro_f1,strategy_attempted_rows,strategy_attempted_pred_classes,strategy_attempted_majority_acc,strategy_attempted_majority_macro_f1,recovery_outcome_acc,recovery_outcome_macro_f1,recovery_outcome_bal_acc,recovery_outcome_mcc,recovery_outcome_brier,recovery_outcome_rows,recovery_outcome_majority_acc,recovery_outcome_majority_macro_f1,memory_acc,memory_macro_f1,memory_bal_acc,memory_mcc,memory_majority_acc,memory_majority_macro_f1,outcome_ece,confidence_mae,confidence_success_ece,bbox_mae,bbox_mean_iou,bbox_median_iou,bbox_recall_iou50,bbox_rows,pillar1_diag_score,pillar3_diag_score,pillar4_diag_score,train_loss,train_raw_outcome_loss,train_weighted_outcome_loss,train_raw_failtype_loss,train_weighted_failtype_loss,train_raw_action_loss,train_weighted_action_loss,train_raw_recovery_loss,train_weighted_recovery_loss,train_raw_needs_recovery_loss,train_weighted_needs_recovery_loss,train_raw_bbox_loss,train_weighted_bbox_loss,train_raw_memory_loss,train_weighted_memory_loss,train_raw_recovery_outcome_loss,train_weighted_recovery_outcome_loss,train_raw_confidence_loss,train_weighted_confidence_loss,train_raw_calibration_loss,train_weighted_calibration_loss,train_raw_contrastive_loss,train_weighted_contrastive_loss,train_raw_bbox_l1_loss,train_raw_bbox_center_l1_loss,train_raw_bbox_log_size_smooth_l1_loss,train_raw_bbox_giou_loss,train_raw_bbox_attention_kl_loss,train_nominal_weighted_loss,train_grad_bbox_first,train_update_bbox_norm,train_grad_strategy_first,train_update_strategy_norm,train_grad_recovery_outcome_first,train_update_recovery_outcome_norm,train_grad_needs_recovery_first,train_update_needs_recovery_norm,train_grad_grounding_adapter_first,train_update_grounding_adapter_norm,train_uncertainty_log_var_action,train_uncertainty_multiplier_action,train_uncertainty_log_var_bbox,train_uncertainty_multiplier_bbox,train_uncertainty_log_var_confidence,train_uncertainty_multiplier_confidence,train_uncertainty_log_var_failtype,train_uncertainty_multiplier_failtype,train_uncertainty_log_var_memory,train_uncertainty_multiplier_memory,train_uncertainty_log_var_needs_recovery,train_uncertainty_multiplier_needs_recovery,train_uncertainty_log_var_outcome,train_uncertainty_multiplier_outcome,train_uncertainty_log_var_recovery,train_uncertainty_multiplier_recovery,train_uncertainty_log_var_recovery_outcome,train_uncertainty_multiplier_recovery_outcome,is_best,is_selected,is_unconstrained_best
full,PASS,24107,7861,outcome_mcc,all_gates_then_outcome_mcc,6,0.6242159326326018,/home/aiub/kiyas/webagent_comparison/outputs/model_comparison/qwen2vl_2b_gold_v2_8_dgx/seed_42/full/checkpoints/Y_QWEN2VL_2B_GOLD_V2_8_DGX_FULL_SEED42/best_e6_outcome-mcc0.624.ckpt,0.6242159326326018,/home/aiub/kiyas/webagent_comparison/outputs/model_comparison/qwen2vl_2b_gold_v2_8_dgx/seed_42/full/checkpoints/Y_QWEN2VL_2B_GOLD_V2_8_DGX_FULL_SEED42/best_e6_outcome-mcc0.624.ckpt,True,True,0,0.8130550109560605,0.7915792711850221,0.7989544666980304,0.5898964362793055,0.8297677261613692,0.12991723087442786,0.5837679684518509,0.36859437751004015,0.5424246279099352,0.44846787697213963,0.5853435364836659,0.4132432902451717,0.4162320315481491,0.14695050750022456,0.38544714412924563,0.3093524461125831,0.396111219515432,0.30599442905641955,0.19068820760717467,0.05338319088319088,0.5201628291565958,0.35824766796818014,0.45780804266053393,0.24765455088404778,0.7636433023788322,0.21649596076168495,4,0.5841495992876224,0.5659895648441267,0.6597112279884456,0.273324619492863,2,0.7636433023788322,0.4329919215233699,0.6544671689989235,0.5777770802056508,1858,3,0.5382131324004306,0.23326335432703524,0.9160387513455328,0.9067643516659976,0.9120355411954766,0.81418554904917,0.07176581566873395,1858,0.6663078579117331,0.39987080103359174,0.8352626892252895,0.8293604212566934,0.8389027757517518,0.6638542785472674,0.6198956875715558,0.38267629967017436,0.03619175146985126,0.17380354955940283,0.08943060255243249,0.10145568853462149,0.11150485815323027,0.0,0.07620263942103023,2349,0.623711171835085,0.21042865213290668,0.7030619949718028,0.5658052798506433,0.45219418327382804,0.09948272032024218,1.3855392530649484,0.2493970655516907,1.261559660219561,0.18923394903293414,1.2238794106794812,0.06119397053397407,0.9627712118206391,0.038510848472825564,5.449466931400666,0.5449466931400666,0.35440538978104014,0.035440538978104015,0.5070209110992471,0.045631881998932235,0.050327975475356015,0.002516398773767801,0.147630182906921,0.007381509145346051,2.6743357925123936,0.10697343170049575,0.47386250206885466,0.2182099616776734,0.25565254005460425,1.2421246570866868,0.5959051215814769,1.380709007648379,0.5827986001968384,0.1183454617857933,0.0666857659816742,1.1040841341018677,0.13044875860214233,0.14757031202316284,0.04075959324836731,0.339404821395874,0.07133260369300842,5.348046779632568,-0.31397703289985657,1.3688582974807444,-0.3300856351852417,1.3910872493775246,-0.30470141768455505,1.3562199992381263,-0.3078400194644928,1.3604833206760816,-0.30707430839538574,1.3594419822711552,-0.30448031425476074,1.3559201674928743,-0.314004123210907,1.368895380780104,-0.3061368465423584,1.3581681544471587,-0.31073570251464844,1.3644285584901883,False,False,False
full,PASS,24107,7861,outcome_mcc,all_gates_then_outcome_mcc,6,0.6242159326326018,/home/aiub/kiyas/webagent_comparison/outputs/model_comparison/qwen2vl_2b_gold_v2_8_dgx/seed_42/full/checkpoints/Y_QWEN2VL_2B_GOLD_V2_8_DGX_FULL_SEED42/best_e6_outcome-mcc0.624.ckpt,0.6242159326326018,/home/aiub/kiyas/webagent_comparison/outputs/model_comparison/qwen2vl_2b_gold_v2_8_dgx/seed_42/full/checkpoints/Y_QWEN2VL_2B_GOLD_V2_8_DGX_FULL_SEED42/best_e6_outcome-mcc0.624.ckpt,True,True,1,0.847035175879397,0.7916742060963167,0.7838663640223965,0.6009200560561104,0.6494498777506112,0.1507934140675389,0.5837679684518509,0.36859437751004015,0.6218038417504135,0.543836735078908,0.6158993471071305,0.4933024910135396,0.4162320315481491,0.14695050750022456,0.37412542933469023,0.2749381416982822,0.3909309141129634,0.31222819058821377,0.19068820760717467,0.05338319088319088,0.4364584658440402,0.351684442375519,0.564639691425817,0.2757233692698065,0.7636433023788322,0.21649596076168495,4,0.5171097824704236,0.5148795589072253,0.6667297854481442,0.30794046572363715,2,0.7636433023788322,0.4329919215233699,0.6420882669537137,0.615673612948283,1858,3,0.5382131324004306,0.23326335432703524,0.9214208826695371,0.9116459951013601,0.9116459951013601,0.8232919902027203,0.06580345157424507,1858,0.6663078579117331,0.39987080103359174,0.8325912733748887,0.8238515957617081,0.8267149245452979,0.6482278233925441,0.6198956875715558,0.38267629967017436,0.12056687255500763,0.1527294803815001,0.11068672699420878,0.10215908882240184,0.09815814242685489,0.0,0.070242656449553,2349,0.6638515495506523,0.18654814206256853,0.6966817873407257,-3.2325257968649455,0.23848667052063371,0.05246706751453942,1.1626148259078104,0.20927066866340585,1.056362008091307,0.15845430121369605,1.060029250189573,0.05300146250947865,0.8289397430878723,0.033157589723514895,4.687986855761611,0.46879868557616117,0.2799450256456958,0.02799450256456958,0.25382068706662847,0.02284386183599656,0.03559577992981931,0.0017797889964909657,0.14647462610501422,0.007323731305250711,2.447837214795817,0.09791348859183269,0.3512964585873866,0.17978591133124122,0.17151054645410022,1.1475740326661183,0.6363565009569362,1.1330051484949366,7.066054344177246,0.15174004435539246,0.10993526130914688,0.690974771976471,0.07996881008148193,0.2401815503835678,0.0865485742688179,0.23464961349964142,0.3091634213924408,7.570357322692871,-0.8249183893203735,2.2816945470880206,-0.6474540829658508,1.9106702236970368,-0.8560556769371033,2.35385798298921,-0.8016038537025452,2.2291132345131475,-0.8542016744613647,2.3494979674499126,-0.8483875393867493,2.335877303469297,-0.8728232979774475,2.393659336115319,-0.8451345562934875,2.3282910797117102,-0.8657297492027283,2.37673987731431,False,False,False
full,PASS,24107,7861,outcome_mcc,all_gates_then_outcome_mcc,6,0.6242159326326018,/home/aiub/kiyas/webagent_comparison/outputs/model_comparison/qwen2vl_2b_gold_v2_8_dgx/seed_42/full/checkpoints/Y_QWEN2VL_2B_GOLD_V2_8_DGX_FULL_SEED42/best_e6_outcome-mcc0.624.ckpt,0.6242159326326018,/home/aiub/kiyas/webagent_comparison/outputs/model_comparison/qwen2vl_2b_gold_v2_8_dgx/seed_42/full/checkpoints/Y_QWEN2VL_2B_GOLD_V2_8_DGX_FULL_SEED42/best_e6_outcome-mcc0.624.ckpt,True,True,2,0.8506100686968112,0.8032577902539174,0.7966935922565974,0.6161270112787157,0.6894865525672371,0.15820272714825712,0.5837679684518509,0.36859437751004015,0.5272866047576644,0.41647406569524614,0.5963489445549703,0.41713531914961616,0.4162320315481491,0.14695050750022456,0.38023152270703475,0.2852598696065298,0.3979745309348152,0.321101500800636,0.19068820760717467,0.05338319088319088,0.48225416613662386,0.3661837622004005,0.5218827399876557,0.2778000318293948,0.7636433023788322,0.21649596076168495,4,0.5486579315608702,0.541576842063463,0.6691762658319208,0.29935649352293536,2,0.7636433023788322,0.4329919215233699,0.673842841765339,0.5976353719956068,1858,3,0.5382131324004306,0.23326335432703524,0.895048439181916,0.8849284578393382,0.8954791807806556,0.772596920137098,0.08458925035624791,1858,0.6663078579117331,0.39987080103359174,0.817198829665437,0.7839963277151667,0.7673057302058635,0.618706428194821,0.6198956875715558,0.38267629967017436,0.13977235115115808,0.11076674488537898,0.1526661099136945,0.09664665372574285,0.10176888524129549,0.0,0.07790549169859515,2349,0.6065838289759218,0.19351437742391264,0.6763228910623065,-6.985027407840458,0.13907991377364098,0.030597581030201017,1.076438006258359,0.1937588411265046,1.0437542521645078,0.15656313782467615,1.025672624462396,0.0512836312231198,0.7474748030571884,0.029898992122287537,4.200868446501028,0.4200868446501028,0.2528804153749038,0.025288041537490383,0.19117815155941323,0.01720603364034719,0.022653777877829212,0.0011326888938914606,0.17072487567621267,0.008536243783810633,2.292212378290527,0.09168849513162108,0.2973981081441974,0.16435654911780562,0.13304155886400565,1.0807557307534765,0.5523664522001442,1.0260405309640526,6.200586318969727,0.13562335073947906,0.2683400809764862,0.5439119935035706,0.13231289386749268,0.19578175246715546,0.10040778666734695,0.17251119017601013,0.21844090521335602,5.2545599937438965,-1.2186068296432495,3.3824720896885,-0.8301417231559753,2.293643779665971,-1.361133337020874,3.900611505088385,-1.1745696067810059,3.236749568943861,-1.3461918830871582,3.8427639375421614,-1.336998462677002,3.8075976898612014,-1.3819775581359863,3.98277000406974,-1.318451166152954,3.737627927231906,-1.3687037229537964,3.9302526956191293,False,False,False
full,PASS,24107,7861,outcome_mcc,all_gates_then_outcome_mcc,6,0.6242159326326018,/home/aiub/kiyas/webagent_comparison/outputs/model_comparison/qwen2vl_2b_gold_v2_8_dgx/seed_42/full/checkpoints/Y_QWEN2VL_2B_GOLD_V2_8_DGX_FULL_SEED42/best_e6_outcome-mcc0.624.ckpt,0.6242159326326018,/home/aiub/kiyas/webagent_comparison/outputs/model_comparison/qwen2vl_2b_gold_v2_8_dgx/seed_42/full/checkpoints/Y_QWEN2VL_2B_GOLD_V2_8_DGX_FULL_SEED42/best_e6_outcome-mcc0.624.ckpt,True,True,3,0.8496332518337408,0.7998589557509375,0.792825347474374,0.6116038406392933,0.6769559902200489,0.16881723960100822,0.5837679684518509,0.36859437751004015,0.6062841877623713,0.5352226662414988,0.6236549160568231,0.48664080988787395,0.4162320315481491,0.14695050750022456,0.38939066276555145,0.30938986571267757,0.4051244782020154,0.3203572374741359,0.19068820760717467,0.05338319088319088,0.49370309120976974,0.3679946231453407,0.5322769182784494,0.27252101348746827,0.7636433023788322,0.21649596076168495,4,0.5671034219564941,0.5564910128900529,0.6725202612185116,0.300395542442656,2,0.7636433023788322,0.4329919215233699,0.6210979547900969,0.5846485123112701,1858,3,0.5382131324004306,0.23326335432703524,0.9095801937567277,0.8987367396593674,0.9003452498827453,0.7975379994143825,0.07720728743690196,1858,0.6663078579117331,0.39987080103359174,0.8311919603103931,0.8178434617517609,0.8130286725944753,0.6374794293748163,0.6198956875715558,0.38267629967017436,0.1595129038356155,0.05390887824192239,0.21858890871653014,0.09413282490119226,0.07235970105388853,0.0,0.05704555129842486,2349,0.6640240068579364,0.19087478338328306,0.6937895152075204,-9.971097666456277,0.1032500679816721,0.022715014955967863,1.0422638199862535,0.18760748759752563,1.0390336610025812,0.15585504915038717,0.9976841661814593,0.04988420830907297,0.7212053608166594,0.02884821443266638,3.9402309948431395,0.39402309948431397,0.2373059289945523,0.02373059289945523,0.14984519107925087,0.013486067197132579,0.01272263251199908,0.0006361316255999541,0.20709220113451504,0.010354610056725753,2.229219531095336,0.08916878124381344,0.2611610441707821,0.15278329293403647,0.1083777512666799,1.0484551577356056,0.537515459195343,0.9763092569526609,8.99216079711914,0.11182791739702225,0.15978866815567017,0.47909507155418396,0.27036067843437195,0.22871579229831696,0.33682981133461,0.18606844544410706,0.8426691293716431,5.717297077178955,-1.4941797256469727,4.455680173264222,-0.9111798405647278,2.4872553676837943,-1.807047724723816,6.092434312277776,-1.4202089309692383,4.13798490313822,-1.7703115940093994,5.872682969152677,-1.7556333541870117,5.787111873023398,-1.8213913440704346,6.180451605172943,-1.7148281335830688,5.555720588513081,-1.8080064058303833,6.0982778145260115,False,False,False
full,PASS,24107,7861,outcome_mcc,all_gates_then_outcome_mcc,6,0.6242159326326018,/home/aiub/kiyas/webagent_comparison/outputs/model_comparison/qwen2vl_2b_gold_v2_8_dgx/seed_42/full/checkpoints/Y_QWEN2VL_2B_GOLD_V2_8_DGX_FULL_SEED42/best_e6_outcome-mcc0.624.ckpt,0.6242159326326018,/home/aiub/kiyas/webagent_comparison/outputs/model_comparison/qwen2vl_2b_gold_v2_8_dgx/seed_42/full/checkpoints/Y_QWEN2VL_2B_GOLD_V2_8_DGX_FULL_SEED42/best_e6_outcome-mcc0.624.ckpt,True,True,4,0.8476180460616258,0.8071986898584325,0.8030910394314883,0.6175024790492237,0.7279951100244498,0.1605492931470208,0.5837679684518509,0.36859437751004015,0.5930543187889582,0.5116521407417692,0.6131504637244534,0.4641055778279391,0.4162320315481491,0.14695050750022456,0.4153415595980155,0.3257237334614731,0.40534078849355176,0.3385056125375209,0.19068820760717467,0.05338319088319088,0.5069329601831828,0.3778986946083439,0.5273278301325528,0.28539581980608386,0.7636433023788322,0.21649596076168495,4,0.5653224780562269,0.5544134333954505,0.6687527692917087,0.29359832099231875,2,0.7636433023788322,0.4329919215233699,0.6872981700753499,0.6135784187119123,1858,3,0.5382131324004306,0.23326335432703524,0.9128094725511302,0.9031051821711166,0.9080019803012143,0.8067858791076535,0.07922049289879435,1858,0.6663078579117331,0.39987080103359174,0.8229232922020099,0.7948715103169066,0.7790432885519779,0.625541918816673,0.6198956875715558,0.38267629967017436,0.1437749131507447,0.059803477315130985,0.20499245082584444,0.08813705364427647,0.11824757085547614,0.0,0.0983397190293742,2349,0.6573715900866288,0.22198565215847463,0.6883146544871788,-12.356426596562438,0.08602732013331424,0.01892601042932913,1.0154083683226547,0.18277350629807784,1.0326936997636391,0.15490405496454587,0.9629880236566818,0.04814940118283409,0.6952577470427882,0.02781030988171153,3.5704761732075494,0.35704761732075496,0.2223998726301354,0.02223998726301354,0.101808031167229,0.00916272280505061,0.007318813846591494,0.00036594069232957473,0.2336043780953849,0.011680218904769245,2.202325646182758,0.08809302584731032,0.22300011748800272,0.133038594300334,0.08996152298338186,0.9809125686965403,0.4936504515101756,0.9211527955897267,4.831878662109375,0.07477406412363052,0.5776441693305969,0.4212541878223419,0.07982274144887924,0.16242453455924988,0.3801020085811615,0.15587125718593597,1.2784144878387451,4.702177047729492,-1.6727113723754883,5.326590606167513,-1.0100302696228027,2.745684124581849,-2.2007896900177,9.032143277290917,-1.5735057592391968,4.823528717326821,-2.1372146606445312,8.475796749978297,-2.114734172821045,8.287382461782375,-2.201935291290283,9.042496441290167,-2.0462560653686523,7.738872965979305,-2.1978836059570312,9.005933212450975,False,False,False
full,PASS,24107,7861,outcome_mcc,all_gates_then_outcome_mcc,6,0.6242159326326018,/home/aiub/kiyas/webagent_comparison/outputs/model_comparison/qwen2vl_2b_gold_v2_8_dgx/seed_42/full/checkpoints/Y_QWEN2VL_2B_GOLD_V2_8_DGX_FULL_SEED42/best_e6_outcome-mcc0.624.ckpt,0.6242159326326018,/home/aiub/kiyas/webagent_comparison/outputs/model_comparison/qwen2vl_2b_gold_v2_8_dgx/seed_42/full/checkpoints/Y_QWEN2VL_2B_GOLD_V2_8_DGX_FULL_SEED42/best_e6_outcome-mcc0.624.ckpt,True,True,5,0.84805937217932,0.7923134628241411,0.7843220686653158,0.6032483354347067,0.6473105134474327,0.17611453756382447,0.5837679684518509,0.36859437751004015,0.6084467624984099,0.5315132962961889,0.6106049902656031,0.48377611963647205,0.4162320315481491,0.14695050750022456,0.4231013865920366,0.32611422915200916,0.41195130782337325,0.3465837075165878,0.19068820760717467,0.05338319088319088,0.49128609591655004,0.375168486844361,0.539285450992842,0.28016947517223384,0.7636433023788322,0.21649596076168495,4,0.5513293474112708,0.5426976673393215,0.6633069812420664,0.28681440488800175,2,0.7636433023788322,0.4329919215233699,0.6867599569429494,0.4939140060488231,1858,4,0.5382131324004306,0.23326335432703524,0.9106566200215285,0.8977551943204255,0.8910886445359321,0.7966956848299861,0.08369905727321923,1858,0.6663078579117331,0.39987080103359174,0.8451850909553492,0.8349451344103818,0.8333775281713762,0.6700519640858985,0.6198956875715558,0.38267629967017436,0.16726720485504068,0.04574079413832773,0.22909272468479788,0.09002059578346747,0.10198356427016037,0.0,0.09025117071094083,2349,0.6579176824807524,0.21404889671108476,0.6998782198505564,-14.32911978040061,0.07122289984967302,0.015669037966928066,0.9865571816551345,0.1775802926979242,1.0266376935889885,0.15399565403834828,0.9100017019590164,0.045500085097950824,0.6636996365831479,0.026547985463325915,3.1672892924089187,0.3167289292408919,0.20475664113672531,0.020475664113672534,0.06902919580430794,0.006212627622387714,0.005880712433708875,0.0002940356216854438,0.24198564612223225,0.012099282306111613,2.173402111342037,0.08693608445368149,0.19507803755698636,0.11525946766244373,0.07981856971749111,0.8719995741169423,0.44789995757372236,0.862039678622908,3.812368392944336,0.06036181375384331,0.4995594322681427,0.2910152077674866,0.16241870820522308,0.08977726846933365,0.4318241477012634,0.14321260154247284,0.16657371819019318,2.9205310344696045,-1.771610140800476,5.880313876249959,-1.114559531211853,3.048225235366557,-2.5035550594329834,12.225880525989936,-1.6624243259429932,5.272076596088395,-2.4159154891967773,11.200019162048552,-2.3849306106567383,10.858309187835703,-2.4917640686035156,12.082571816979376,-2.2925496101379395,9.900147045766245,-2.498969793319702,12.169949936620613,False,False,False
full,PASS,24107,7861,outcome_mcc,all_gates_then_outcome_mcc,6,0.6242159326326018,/home/aiub/kiyas/webagent_comparison/outputs/model_comparison/qwen2vl_2b_gold_v2_8_dgx/seed_42/full/checkpoints/Y_QWEN2VL_2B_GOLD_V2_8_DGX_FULL_SEED42/best_e6_outcome-mcc0.624.ckpt,0.6242159326326018,/home/aiub/kiyas/webagent_comparison/outputs/model_comparison/qwen2vl_2b_gold_v2_8_dgx/seed_42/full/checkpoints/Y_QWEN2VL_2B_GOLD_V2_8_DGX_FULL_SEED42/best_e6_outcome-mcc0.624.ckpt,True,True,6,0.8518826711046391,0.8093729007127648,0.8040607229683399,0.6242159326326018,0.7157701711491442,0.16847503951430134,0.5837679684518509,0.36859437751004015,0.5812237628800407,0.5022182011564867,0.6131188260735555,0.4535638182260628,0.4162320315481491,0.14695050750022456,0.421702073527541,0.32668455298134735,0.40935021077434214,0.3412419534674259,0.19068820760717467,0.05338319088319088,0.5350464317516855,0.38887345025647924,0.5257464126346147,0.2923880244887765,0.7636433023788322,0.21649596076168495,4,0.5935631599033202,0.5767671028907976,0.6766520758278916,0.30272213312486584,2,0.7636433023788322,0.4329919215233699,0.6603875134553283,0.468672729606767,1858,4,0.5382131324004306,0.23326335432703524,0.9085037674919269,0.8976921292967297,0.8999400698316744,0.7955101825697078,0.08355965220436115,1858,0.6663078579117331,0.39987080103359174,0.8427680956621295,0.8303475855714685,0.8253434079707571,0.6625023514019036,0.6198956875715558,0.38267629967017436,0.16255726923152183,0.043692638875551464,0.23382694966927114,0.09152839612748523,0.10095002170283944,0.0,0.08088548318433376,2349,0.6531394620624134,0.2138172873420934,0.704718976019637,-15.690248311554745,0.06156302019333992,0.013543864442534782,0.9565770067793689,0.1721838612202864,1.020522195650555,0.15307832934758325,0.8471309888932431,0.04235654944466216,0.6441683284320338,0.02576673313728135,2.9846644087904086,0.2984664408790409,0.18320893416765677,0.01832089341676568,0.04337218713747812,0.0039034968423730305,0.005068760878050652,0.00025343804390253263,0.25048297593155633,0.012524148796577816,2.14795792086993,0.0859183168347972,0.17933109107995238,0.10842489069309172,0.07090620068893844,0.8303433653627236,0.42732222867213737,0.8263160724058051,5.456254005432129,0.052844107151031494,0.7199448347091675,0.21537010371685028,0.041250359266996384,0.0537615604698658,0.6129356622695923,0.0825977772474289,7.772881507873535,2.2130305767059326,-1.8191721439361572,6.1667511537853485,-1.1692591905593872,3.2196066398585823,-2.705251932144165,14.958084638208058,-1.7101941108703613,5.530034813318313,-2.60392165184021,13.516641795305116,-2.5629520416259766,12.974060807141251,-2.68391489982605,14.642304389868519,-2.4565482139587402,11.664478685130835,-2.7004189491271973,14.885966881507416,True,True,True
full,PASS,24107,7861,outcome_mcc,all_gates_then_outcome_mcc,6,0.6242159326326018,/home/aiub/kiyas/webagent_comparison/outputs/model_comparison/qwen2vl_2b_gold_v2_8_dgx/seed_42/full/checkpoints/Y_QWEN2VL_2B_GOLD_V2_8_DGX_FULL_SEED42/best_e6_outcome-mcc0.624.ckpt,0.6242159326326018,/home/aiub/kiyas/webagent_comparison/outputs/model_comparison/qwen2vl_2b_gold_v2_8_dgx/seed_42/full/checkpoints/Y_QWEN2VL_2B_GOLD_V2_8_DGX_FULL_SEED42/best_e6_outcome-mcc0.624.ckpt,True,True,7,0.8510116492949111,0.8026958516016335,0.7958390919393191,0.6161802359016965,0.6842909535452323,0.17650062272068784,0.5837679684518509,0.36859437751004015,0.672306322350846,0.571339358607227,0.605975873822665,0.5382469658147387,0.4162320315481491,0.14695050750022456,0.3901539244370945,0.30957247329416987,0.4054873953232078,0.3209356669187435,0.19068820760717467,0.05338319088319088,0.5635415341559598,0.3198617918744862,0.511203748936069,0.2796696150625007,0.7636433023788322,0.21649596076168495,5,0.6116270194631727,0.5852621659285344,0.6630228570680573,0.27711043083650316,2,0.7636433023788322,0.4329919215233699,0.6689989235737352,0.3812721892635066,1858,5,0.5382131324004306,0.23326335432703524,0.9128094725511302,0.902042107483041,0.9023659388191152,0.8040868220270728,0.07909616203386034,1858,0.6663078579117331,0.39987080103359174,0.8276300725098588,0.8221490866704153,0.8334584318531393,0.6515077612973533,0.6198956875715558,0.38267629967017436,0.17252814492231835,0.042401700510090505,0.23737846096536158,0.09093990746828347,0.10298344967468452,0.0,0.0940825883354619,2349,0.683589225273273,0.2062779614844272,0.6852287208489135,-16.666217331231312,0.05018174593253844,0.011039984105158458,0.9374496478392101,0.16874093661105782,1.0160718604912407,0.15241077907368608,0.7833405294873972,0.03916702647436986,0.6137122372443421,0.024548489489773683,2.7086137607347593,0.27086137607347593,0.15468576564191666,0.015468576564191667,0.030363484085676507,0.0027327135677108856,0.004614579601127744,0.0002307289800563872,0.25621465457230685,0.012810732728615343,2.130809696605052,0.08523238786420208,0.15742376977800285,0.09617587671922329,0.06124789318713962,0.7597329460217925,0.40202902336793384,0.7832437315322982,7.141820907592773,0.027825750410556793,0.7008383870124817,0.13021624088287354,0.0031219813972711563,0.025111528113484383,0.5321468710899353,0.06566961854696274,0.14253711700439453,1.1593343019485474,-1.8412290811538696,6.304281975389765,-1.2125165462493896,3.3619344795045487,-2.8184072971343994,16.750151401644924,-1.7376700639724731,5.684084429271669,-2.7129664421081543,15.073925183203642,-2.66469144821167,14.363516973343973,-2.7943198680877686,16.351503790823998,-2.5530803203582764,12.84661458690156,-2.8132693767547607,16.664311166379207,False,False,False
full,PASS,24107,7861,outcome_mcc,all_gates_then_outcome_mcc,6,0.6242159326326018,/home/aiub/kiyas/webagent_comparison/outputs/model_comparison/qwen2vl_2b_gold_v2_8_dgx/seed_42/full/checkpoints/Y_QWEN2VL_2B_GOLD_V2_8_DGX_FULL_SEED42/best_e6_outcome-mcc0.624.ckpt,0.6242159326326018,/home/aiub/kiyas/webagent_comparison/outputs/model_comparison/qwen2vl_2b_gold_v2_8_dgx/seed_42/full/checkpoints/Y_QWEN2VL_2B_GOLD_V2_8_DGX_FULL_SEED42/best_e6_outcome-mcc0.624.ckpt,True,True,8,0.8482901554404145,0.8035917180364127,0.7980359646033541,0.6135743021655494,0.7041564792176039,0.1783725903045926,0.5837679684518509,0.36859437751004015,0.6729423737437985,0.5618362879545551,0.5826239085527731,0.5350615476907106,0.4162320315481491,0.14695050750022456,0.3912988169444091,0.3091032340339378,0.40694806978542925,0.3240277851960846,0.19068820760717467,0.05338319088319088,0.5954713140821778,0.4059612796518189,0.49129812145598933,0.259753612578924,0.7636433023788322,0.21649596076168495,4,0.635160921002417,0.5927425071197157,0.6440560666921652,0.24653288381905797,2,0.7636433023788322,0.4329919215233699,0.628632938643703,0.35753710877229206,1858,5,0.5382131324004306,0.23326335432703524,0.9138858988159311,0.9034058785685042,0.9043814164365,0.8068351895061173,0.08049588708128053,1858,0.6663078579117331,0.39987080103359174,0.8323368528177076,0.8273115140346923,0.8397145940626862,0.6630229509405428,0.6198956875715558,0.38267629967017436,0.17482214811239183,0.04235447153938118,0.23981165559221929,0.09168209477193259,0.10372109286962541,0.0,0.09535972754363559,2349,0.6799361262789546,0.2064121634517816,0.7166857633836683,-17.22468287500231,0.041356304793375084,0.00909838705454252,0.9214040742421988,0.1658527333635958,1.011099099836052,0.1516648649754078,0.737594291122844,0.0368797145561422,0.5797430060917602,0.02318972024367041,2.529220222121608,0.2529220222121608,0.1313070966166798,0.013130709661667982,0.024824974018295892,0.0022342476616466302,0.004440223715421339,0.00022201118577106695,0.25748332663066564,0.012874166331533283,2.1115424882993845,0.08446169953197538,0.14565251123403614,0.08749909684934618,0.05815341431888288,0.7051525867847551,0.39065249217396036,0.7525302767781139,4.173619747161865,0.0158433485776186,0.6135390996932983,0.06840842962265015,0.028594564646482468,0.011240946128964424,1.5704710483551025,0.03984827175736427,0.18518216907978058,0.48927900195121765,-1.849909782409668,6.359245780890743,-1.234175205230713,3.435543733306033,-2.8617665767669678,17.49240132734326,-1.7488588094711304,5.748039323664526,-2.7561569213867188,15.73923943635202,-2.7053160667419434,14.959043999713668,-2.8372135162353516,17.068139120291995,-2.5924298763275146,13.362200683036356,-2.8566057682037354,17.402358938396155,False,False,False
full,PASS,24107,7861,outcome_mcc,all_gates_then_outcome_mcc,6,0.6242159326326018,/home/aiub/kiyas/webagent_comparison/outputs/model_comparison/qwen2vl_2b_gold_v2_8_dgx/seed_42/full/checkpoints/Y_QWEN2VL_2B_GOLD_V2_8_DGX_FULL_SEED42/best_e6_outcome-mcc0.624.ckpt,0.6242159326326018,/home/aiub/kiyas/webagent_comparison/outputs/model_comparison/qwen2vl_2b_gold_v2_8_dgx/seed_42/full/checkpoints/Y_QWEN2VL_2B_GOLD_V2_8_DGX_FULL_SEED42/best_e6_outcome-mcc0.624.ckpt,True,True,9,0.8481686319524158,0.8055796735262974,0.8006830807804993,0.6158380915286187,0.7157701711491442,0.1782275460974798,0.5837679684518509,0.36859437751004015,0.6734512148581605,0.5627864457888754,0.5846295070168249,0.5342559970857239,0.4162320315481491,0.14695050750022456,0.4159776109909681,0.33194350240881815,0.40699379988891266,0.3342065296652824,0.19068820760717467,0.05338319088319088,0.6055209260908282,0.3248913130370211,0.48039642640685737,0.26013343406126416,0.7636433023788322,0.21649596076168495,5,0.6436840096679812,0.5975318501534946,0.6442479782713595,0.24793583531523866,2,0.7636433023788322,0.4329919215233699,0.620021528525296,0.3537991195811469,1858,5,0.5382131324004306,0.23326335432703524,0.9128094725511302,0.9021204695158118,0.9027685132106936,0.8042513524838216,0.08145056041809494,1858,0.6663078579117331,0.39987080103359174,0.8290293855743545,0.8228603037474562,0.83212736711948,0.650694273404791,0.6198956875715558,0.38267629967017436,0.17513669663873152,0.04207941240858158,0.23961989118873642,0.09162304768488569,0.10303300591181902,0.0,0.0940825883354619,2349,0.6817347632846873,0.21748825416031858,0.6865957311223982,-17.45831419129046,0.035645673020114906,0.00784204806442528,0.9104479536483362,0.1638806316567005,1.007419342977287,0.15111290144659306,0.7093024818843456,0.03546512409421728,0.552672922759556,0.022106916910382243,2.4781281208865438,0.24781281208865438,0.11393264167222458,0.011393264167222458,0.02203142809464705,0.0019828285285182342,0.00437634365248272,0.00021881718262413603,0.2584608909673989,0.012923044548369945,2.1046549594394404,0.08418619837757761,0.14121073508429988,0.0859689148512651,0.055241820277086434,0.691599149709319,0.38887614827521527,0.7389245870652851,8.870771408081055,0.0037470394745469093,0.4672204256057739,0.013461076654493809,0.0003122703346889466,0.0028650108724832535,0.9582632780075073,0.008338731713593006,0.22614769637584686,0.09719792753458023,-1.8514974117279053,6.369349924629431,-1.2375375032424927,3.4471144964461935,-2.868579864501953,17.61198902083137,-1.7511295080184937,5.761106218081557,-2.7630841732025146,15.848647622833763,-2.7119064331054688,15.057955152487155,-2.843998670578003,17.184342862911045,-2.598902940750122,13.448975615757345,-2.863382577896118,17.520691920298233,False,False,False
